row_id,F_score,S_score,SDI,WT2
0,1.0,1.0,0.0,2.268002547
1,1.0,1.0,0.0,2.268002547
2,1.0,0.9875,-0.012499999999999956,1.273550064
3,0.875,0.8375,-0.03749999999999998,2.268002547
4,1.0,1.0,0.0,0.687529472
5,0.625,0.5625,-0.0625,0.571942888
6,1.0,1.0,0.0,1.274212377
7,1.0,1.0,0.0,1.274212377
8,1.0,0.8625,-0.13749999999999996,0.880355226
9,1.0,1.0,0.0,0.571942888
10,0.9166666666666666,0.575,-0.3416666666666667,1.273550064
11,1.0,0.9,-0.09999999999999998,0.687529472
12,0.9583333333333334,0.8875,-0.07083333333333341,0.654072814
13,0.75,0.75,0.0,0.687529472
14,0.875,0.6875,-0.1875,0.687529472
15,1.0,0.9625,-0.03749999999999998,0.571942888
16,0.9583333333333334,1.0,0.04166666666666663,2.268002547
17,0.7083333333333334,0.6875,-0.02083333333333337,2.268002547
18,0.9166666666666666,0.6375,-0.2791666666666667,0.571942888
19,1.0,1.0,0.0,1.273550064
20,0.75,0.75,0.0,1.273550064
21,0.9166666666666666,0.85,-0.06666666666666665,0.607515266
22,0.6666666666666666,0.8125,0.14583333333333337,1.274212377
23,1.0,1.0,0.0,0.880355226
24,1.0,0.975,-0.025000000000000022,0.687529472
25,1.0,0.7375,-0.26249999999999996,2.268002547
26,0.875,0.925,0.050000000000000044,0.571942888
27,0.9166666666666666,0.8125,-0.10416666666666663,1.274212377
28,0.75,0.6625,-0.08750000000000002,1.274212377
29,0.7083333333333334,0.7375,0.029166666666666674,0.687529472
30,0.9583333333333334,0.8125,-0.14583333333333337,0.687529472
31,0.9166666666666666,0.825,-0.09166666666666667,0.687529472
32,0.7083333333333334,0.7,-0.008333333333333415,0.654072814
33,0.875,0.85,-0.025000000000000022,0.571942888
34,1.0,1.0,0.0,0.687529472
35,0.7083333333333334,0.5875,-0.12083333333333335,0.687529472
36,0.875,0.85,-0.025000000000000022,0.571942888
37,0.9166666666666666,0.8375,-0.07916666666666661,2.268002547
38,1.0,0.9875,-0.012499999999999956,0.687529472
39,0.875,0.65,-0.22499999999999998,1.274212377
40,0.7916666666666666,0.75,-0.04166666666666663,1.274212377
41,0.8333333333333334,0.7,-0.13333333333333341,0.880355226
42,0.75,0.75,0.0,1.274212377
43,0.875,0.5125,-0.36250000000000004,2.268002547
44,1.0,1.0,0.0,1.274212377
45,0.8333333333333334,0.8125,-0.02083333333333337,0.880355226
46,0.875,0.7875,-0.08750000000000002,1.274212377
47,1.0,0.975,-0.025000000000000022,1.274212377
48,0.4583333333333333,0.5125,0.05416666666666664,1.274212377
49,0.625,0.5875,-0.03749999999999998,0.880355226
50,1.0,0.825,-0.17500000000000004,0.654072814
51,1.0,0.9625,-0.03749999999999998,0.654072814
52,0.875,0.9375,0.0625,0.880355226
53,1.0,0.95,-0.050000000000000044,0.687529472
54,1.0,0.95,-0.050000000000000044,1.274212377
55,1.0,0.925,-0.07499999999999996,0.880355226
56,0.75,0.525,-0.22499999999999998,0.880355226
57,1.0,1.0,0.0,0.880355226
58,0.75,0.5375,-0.21250000000000002,2.268002547
59,0.9166666666666666,0.7875,-0.12916666666666665,0.571942888
60,1.0,1.0,0.0,0.687529472
61,0.875,0.7125,-0.16249999999999998,1.274212377
62,0.625,0.625,0.0,1.274212377
63,1.0,0.925,-0.07499999999999996,1.273550064
64,1.0,1.0,0.0,0.687529472
65,0.08333333333333333,0.4125,0.32916666666666666,1.274212377
66,0.9583333333333334,0.7875,-0.1708333333333334,0.687529472
67,0.7916666666666666,0.875,0.08333333333333337,0.687529472
68,0.875,0.8,-0.07499999999999996,0.571942888
69,0.9583333333333334,0.85,-0.10833333333333339,1.274212377
70,0.875,0.7875,-0.08750000000000002,0.880355226
71,1.0,1.0,0.0,0.687529472
72,0.9583333333333334,0.925,-0.033333333333333326,1.273550064
73,0.75,0.75,0.0,0.880355226
74,1.0,0.975,-0.025000000000000022,0.880355226
75,0.9583333333333334,0.9,-0.05833333333333335,0.880355226
76,0.7083333333333334,0.6625,-0.04583333333333339,1.274212377
77,1.0,0.9875,-0.012499999999999956,1.274212377
78,0.7083333333333334,0.675,-0.033333333333333326,0.607515266
79,0.9583333333333334,0.925,-0.033333333333333326,0.571942888
80,0.9166666666666666,0.9,-0.016666666666666607,0.880355226
81,1.0,0.9875,-0.012499999999999956,1.274212377
82,0.7916666666666666,0.5625,-0.22916666666666663,1.274212377
83,0.7083333333333334,0.625,-0.08333333333333337,1.274212377
84,0.7916666666666666,0.45,-0.3416666666666666,0.654072814
85,0.9166666666666666,0.8375,-0.07916666666666661,0.571942888
86,0.875,0.75,-0.125,0.880355226
87,0.75,0.6875,-0.0625,0.654072814
88,0.5833333333333334,0.6125,0.029166666666666674,0.607515266
89,0.9583333333333334,0.95,-0.008333333333333415,0.571942888
90,0.625,0.625,0.0,1.274212377
91,1.0,1.0,0.0,1.274212377
92,1.0,0.9625,-0.03749999999999998,2.268002547
93,0.8333333333333334,0.625,-0.20833333333333337,0.880355226
94,0.9583333333333334,0.875,-0.08333333333333337,0.687529472
95,0.6666666666666666,0.6125,-0.054166666666666585,0.654072814
96,0.7083333333333334,0.8125,0.10416666666666663,0.571942888
97,1.0,0.9875,-0.012499999999999956,0.654072814
98,0.5833333333333334,0.4,-0.18333333333333335,2.268002547
99,0.9583333333333334,0.85,-0.10833333333333339,1.274212377
100,1.0,0.9875,-0.012499999999999956,1.273550064
101,1.0,0.9625,-0.03749999999999998,0.571942888
102,0.75,0.7125,-0.03749999999999998,0.880355226
103,1.0,1.0,0.0,2.268002547
104,0.625,0.5,-0.125,1.274212377
105,0.875,0.925,0.050000000000000044,2.268002547
106,0.75,0.5,-0.25,0.654072814
107,1.0,1.0,0.0,1.273550064
108,0.9583333333333334,0.975,0.016666666666666607,1.274212377
109,0.75,0.75,0.0,0.571942888
110,1.0,1.0,0.0,0.571942888
111,0.8333333333333334,0.7625,-0.07083333333333341,1.274212377
112,1.0,0.8625,-0.13749999999999996,0.687529472
113,1.0,0.7875,-0.21250000000000002,0.571942888
114,0.75,0.7,-0.050000000000000044,0.880355226
115,0.625,0.625,0.0,1.274212377
116,1.0,1.0,0.0,0.687529472
117,0.7083333333333334,0.7125,0.004166666666666652,0.571942888
118,0.875,0.8375,-0.03749999999999998,1.274212377
119,0.75,0.675,-0.07499999999999996,0.687529472
120,0.75,0.625,-0.125,1.274212377
121,1.0,0.75,-0.25,1.274212377
122,1.0,1.0,0.0,0.687529472
123,0.9166666666666666,0.8,-0.11666666666666659,1.274212377
124,0.8333333333333334,0.6625,-0.1708333333333334,0.880355226
125,1.0,1.0,0.0,0.654072814
126,0.875,0.75,-0.125,1.273550064
127,0.75,0.6875,-0.0625,1.273550064
128,0.9166666666666666,0.7875,-0.12916666666666665,1.274212377
129,1.0,1.0,0.0,0.571942888
130,0.7083333333333334,0.6,-0.10833333333333339,0.687529472
131,0.75,0.8,0.050000000000000044,0.880355226
132,0.75,0.6625,-0.08750000000000002,0.654072814
133,0.875,0.8125,-0.0625,0.571942888
134,1.0,1.0,0.0,0.571942888
135,0.625,0.6625,0.03749999999999998,0.880355226
136,0.8333333333333334,0.6,-0.2333333333333334,1.274212377
137,0.9166666666666666,0.775,-0.1416666666666666,0.880355226
138,0.875,0.7375,-0.13749999999999996,0.880355226
139,0.875,0.7125,-0.16249999999999998,0.687529472
140,1.0,0.975,-0.025000000000000022,0.880355226
141,0.9166666666666666,0.8125,-0.10416666666666663,2.268002547
142,0.9583333333333334,0.8375,-0.12083333333333335,0.571942888
143,0.9583333333333334,0.975,0.016666666666666607,0.687529472
144,1.0,1.0,0.0,0.880355226
145,1.0,0.9625,-0.03749999999999998,0.571942888
146,0.875,0.6875,-0.1875,0.880355226
147,0.875,0.8125,-0.0625,0.571942888
148,1.0,0.975,-0.025000000000000022,1.274212377
149,0.75,0.7,-0.050000000000000044,0.687529472
150,0.9583333333333334,0.9,-0.05833333333333335,0.571942888
151,0.9583333333333334,0.9,-0.05833333333333335,0.880355226
152,0.9583333333333334,0.925,-0.033333333333333326,1.274212377
153,0.875,0.8875,0.012499999999999956,2.268002547
154,0.9166666666666666,0.9375,0.02083333333333337,0.880355226
155,0.7916666666666666,0.7375,-0.054166666666666585,0.880355226
156,0.875,0.775,-0.09999999999999998,1.274212377
157,0.5,0.5375,0.03749999999999998,0.880355226
158,0.9166666666666666,0.8,-0.11666666666666659,0.880355226
159,1.0,0.975,-0.025000000000000022,1.274212377
160,1.0,0.9875,-0.012499999999999956,1.274212377
161,1.0,0.975,-0.025000000000000022,1.274212377
162,1.0,0.8375,-0.16249999999999998,1.274212377
163,0.9583333333333334,0.95,-0.008333333333333415,1.274212377
164,0.9166666666666666,0.775,-0.1416666666666666,0.654072814
165,0.875,0.7125,-0.16249999999999998,1.273550064
166,0.875,0.8,-0.07499999999999996,1.274212377
167,0.75,0.6625,-0.08750000000000002,1.274212377
168,0.8333333333333334,0.65,-0.18333333333333335,0.880355226
169,0.9166666666666666,0.8625,-0.054166666666666585,0.850521373
170,0.9583333333333334,0.8625,-0.09583333333333333,0.654072814
171,0.875,0.9375,0.0625,1.274212377
172,0.9166666666666666,1.0,0.08333333333333337,0.687529472
173,0.7083333333333334,0.75,0.04166666666666663,0.571942888
174,0.9583333333333334,0.85,-0.10833333333333339,0.687529472
175,1.0,1.0,0.0,1.274212377
176,1.0,0.9875,-0.012499999999999956,1.274212377
177,0.9166666666666666,0.9125,-0.004166666666666652,0.571942888
178,0.9166666666666666,0.8125,-0.10416666666666663,0.654072814
179,0.9166666666666666,0.9,-0.016666666666666607,0.880355226
180,0.8333333333333334,0.7,-0.13333333333333341,1.274212377
181,0.5833333333333334,0.7,0.11666666666666659,1.274212377
182,1.0,1.0,0.0,0.687529472
183,1.0,0.9,-0.09999999999999998,0.687529472
184,0.9166666666666666,0.975,0.05833333333333335,0.571942888
185,1.0,1.0,0.0,1.274212377
186,1.0,0.875,-0.125,0.687529472
187,0.8333333333333334,0.675,-0.15833333333333333,0.880355226
188,0.9166666666666666,0.75,-0.16666666666666663,0.571942888
189,0.9166666666666666,0.8625,-0.054166666666666585,0.571942888
190,0.9583333333333334,0.9,-0.05833333333333335,1.274212377
191,0.75,0.675,-0.07499999999999996,0.687529472
192,1.0,1.0,0.0,1.274212377
193,0.9166666666666666,0.8,-0.11666666666666659,0.571942888
194,0.9166666666666666,0.8375,-0.07916666666666661,0.880355226
195,0.9583333333333334,0.8875,-0.07083333333333341,1.274212377
196,0.9583333333333334,0.8625,-0.09583333333333333,0.880355226
197,0.875,0.75,-0.125,0.687529472
198,1.0,0.9375,-0.0625,0.654072814
199,1.0,1.0,0.0,0.571942888
200,0.7916666666666666,0.7125,-0.07916666666666661,1.274212377
201,1.0,0.8375,-0.16249999999999998,2.268002547
202,1.0,0.8375,-0.16249999999999998,0.880355226
203,0.2916666666666667,0.3875,0.09583333333333333,0.880355226
204,0.4166666666666667,0.4125,-0.004166666666666707,0.654072814
205,0.9166666666666666,0.975,0.05833333333333335,0.880355226
206,0.875,0.75,-0.125,1.274212377
207,1.0,0.9875,-0.012499999999999956,0.654072814
208,0.9166666666666666,0.6,-0.31666666666666665,0.880355226
209,0.6666666666666666,0.5875,-0.07916666666666661,0.654072814
210,0.875,0.75,-0.125,1.274212377
211,0.9583333333333334,0.9625,0.004166666666666652,1.274212377
212,0.9166666666666666,0.975,0.05833333333333335,0.571942888
213,0.75,0.7125,-0.03749999999999998,0.850521373
214,0.9166666666666666,0.9,-0.016666666666666607,1.274212377
215,0.75,0.75,0.0,1.274212377
216,0.875,0.9375,0.0625,1.273550064
217,0.9583333333333334,0.9,-0.05833333333333335,1.273550064
218,1.0,0.9875,-0.012499999999999956,2.268002547
219,0.9583333333333334,0.8625,-0.09583333333333333,0.880355226
220,1.0,0.9125,-0.08750000000000002,0.880355226
221,0.9166666666666666,0.75,-0.16666666666666663,0.880355226
222,1.0,0.8625,-0.13749999999999996,1.274212377
223,0.9583333333333334,0.8875,-0.07083333333333341,0.880355226
224,1.0,1.0,0.0,0.654072814
225,0.75,0.85,0.09999999999999998,1.273550064
226,0.9583333333333334,0.95,-0.008333333333333415,0.687529472
227,0.875,0.75,-0.125,0.880355226
228,0.9166666666666666,0.8875,-0.029166666666666674,1.274212377
229,0.875,0.6625,-0.21250000000000002,2.268002547
230,0.75,0.775,0.025000000000000022,0.571942888
231,1.0,1.0,0.0,1.274212377
232,1.0,0.7375,-0.26249999999999996,0.687529472
233,0.9166666666666666,0.725,-0.19166666666666665,0.964615703
234,0.875,0.75,-0.125,0.880355226
235,0.75,0.6625,-0.08750000000000002,0.687529472
236,0.8333333333333334,1.0,0.16666666666666663,0.964615703
237,0.8333333333333334,0.675,-0.15833333333333333,0.687529472
238,0.6666666666666666,0.6375,-0.029166666666666674,0.687529472
239,0.75,0.6625,-0.08750000000000002,0.571942888
240,0.7083333333333334,0.75,0.04166666666666663,1.274212377
241,1.0,0.925,-0.07499999999999996,1.274212377
242,0.7916666666666666,0.75,-0.04166666666666663,1.274212377
243,0.5,0.5,0.0,0.880355226
244,0.8333333333333334,0.7125,-0.12083333333333335,0.880355226
245,0.875,0.8625,-0.012499999999999956,0.654072814
246,0.9166666666666666,0.9125,-0.004166666666666652,0.571942888
247,1.0,1.0,0.0,0.654072814
248,1.0,0.9875,-0.012499999999999956,0.654072814
249,0.875,0.85,-0.025000000000000022,0.571942888
250,0.9583333333333334,1.0,0.04166666666666663,0.571942888
251,1.0,0.9375,-0.0625,0.654072814
252,0.875,0.9875,0.11250000000000004,0.571942888
253,1.0,0.925,-0.07499999999999996,0.687529472
254,1.0,0.925,-0.07499999999999996,0.880355226
255,1.0,0.925,-0.07499999999999996,0.654072814
256,1.0,1.0,0.0,0.687529472
257,0.9583333333333334,0.8,-0.15833333333333333,0.880355226
258,0.9583333333333334,0.8875,-0.07083333333333341,1.274212377
259,0.5,0.5,0.0,0.654072814
260,0.75,0.75,0.0,0.571942888
261,1.0,0.9875,-0.012499999999999956,0.880355226
262,0.9583333333333334,1.0,0.04166666666666663,0.654072814
263,1.0,0.975,-0.025000000000000022,0.654072814
264,1.0,0.975,-0.025000000000000022,0.850521373
265,1.0,0.9875,-0.012499999999999956,0.687529472
266,1.0,0.9875,-0.012499999999999956,0.964615703
267,1.0,0.975,-0.025000000000000022,0.880355226
268,0.7083333333333334,0.7875,0.07916666666666661,0.880355226
269,0.9166666666666666,0.725,-0.19166666666666665,0.880355226
270,1.0,1.0,0.0,0.880355226
271,1.0,0.9875,-0.012499999999999956,0.571942888
272,1.0,0.95,-0.050000000000000044,0.880355226
273,0.8333333333333334,0.6875,-0.14583333333333337,1.274212377
274,0.9583333333333334,0.9125,-0.04583333333333339,0.880355226
275,1.0,0.975,-0.025000000000000022,1.274212377
276,1.0,0.9375,-0.0625,0.571942888
277,1.0,0.975,-0.025000000000000022,1.274212377
278,1.0,0.975,-0.025000000000000022,1.274212377
279,1.0,0.9875,-0.012499999999999956,1.274212377
280,0.9583333333333334,0.975,0.016666666666666607,0.880355226
281,0.875,0.825,-0.050000000000000044,0.571942888
282,1.0,0.9375,-0.0625,0.880355226
283,0.875,0.7625,-0.11250000000000004,0.571942888
284,1.0,0.9,-0.09999999999999998,0.654072814
285,0.5,0.6,0.09999999999999998,0.654072814
286,0.9583333333333334,0.8875,-0.07083333333333341,0.571942888
287,0.75,0.8875,0.13749999999999996,0.654072814
288,0.4583333333333333,0.6375,0.17916666666666664,0.654072814
289,0.75,0.4625,-0.2875,1.274212377
290,1.0,0.9875,-0.012499999999999956,0.654072814
291,0.7916666666666666,0.7,-0.09166666666666667,0.571942888
292,0.7083333333333334,0.7,-0.008333333333333415,0.880355226
293,0.7916666666666666,0.7625,-0.029166666666666674,1.274212377
294,0.7083333333333334,0.675,-0.033333333333333326,0.880355226
295,0.9583333333333334,0.925,-0.033333333333333326,2.268002547
296,1.0,1.0,0.0,0.571942888
297,1.0,1.0,0.0,0.571942888
298,0.9583333333333334,0.9875,0.029166666666666674,0.571942888
299,1.0,1.0,0.0,0.880355226
300,1.0,1.0,0.0,0.571942888
301,1.0,1.0,0.0,0.571942888
302,1.0,0.9875,-0.012499999999999956,1.274212377
303,1.0,0.9875,-0.012499999999999956,1.274212377
304,1.0,1.0,0.0,0.687529472
305,1.0,1.0,0.0,0.880355226
306,1.0,0.9875,-0.012499999999999956,1.274212377
307,1.0,0.9625,-0.03749999999999998,0.880355226
308,1.0,0.9875,-0.012499999999999956,0.571942888
309,1.0,0.975,-0.025000000000000022,0.654072814
310,0.9583333333333334,0.9875,0.029166666666666674,0.571942888
311,1.0,0.9875,-0.012499999999999956,0.571942888
312,1.0,0.975,-0.025000000000000022,0.607515266
313,1.0,0.9875,-0.012499999999999956,0.571942888
314,1.0,0.9875,-0.012499999999999956,0.571942888
315,0.9583333333333334,0.9875,0.029166666666666674,0.880355226
316,0.9583333333333334,0.9875,0.029166666666666674,0.880355226
317,1.0,0.9875,-0.012499999999999956,0.571942888
318,1.0,1.0,0.0,0.571942888
319,0.875,0.8875,0.012499999999999956,1.274212377
320,0.875,0.8625,-0.012499999999999956,1.274212377
321,0.875,0.9375,0.0625,1.274212377
322,1.0,0.9875,-0.012499999999999956,1.274212377
323,0.75,0.75,0.0,1.274212377
324,0.7916666666666666,0.7,-0.09166666666666667,0.880355226
325,0.4583333333333333,0.725,0.26666666666666666,0.687529472
326,0.875,0.75,-0.125,0.571942888
327,0.375,0.625,0.25,1.274212377
328,0.5416666666666666,0.4875,-0.05416666666666664,0.654072814
329,0.8333333333333334,0.6375,-0.19583333333333341,0.687529472
330,0.8333333333333334,0.75,-0.08333333333333337,0.880355226
331,0.75,0.75,0.0,0.654072814
332,0.8333333333333334,0.825,-0.008333333333333415,0.654072814
333,1.0,0.9875,-0.012499999999999956,1.274212377
334,1.0,0.9875,-0.012499999999999956,0.880355226
335,0.9166666666666666,0.8125,-0.10416666666666663,2.268002547
336,0.9583333333333334,0.9,-0.05833333333333335,1.273550064
337,0.875,0.75,-0.125,0.571942888
338,0.875,0.775,-0.09999999999999998,1.274212377
339,0.9583333333333334,0.95,-0.008333333333333415,0.880355226
340,0.7916666666666666,0.675,-0.11666666666666659,0.880355226
341,0.8333333333333334,0.8375,0.004166666666666652,1.273550064
342,1.0,0.9375,-0.0625,0.687529472
343,0.8333333333333334,0.85,0.016666666666666607,0.880355226
344,1.0,0.9875,-0.012499999999999956,0.654072814
345,1.0,1.0,0.0,0.880355226
346,1.0,0.975,-0.025000000000000022,0.687529472
347,0.625,0.3625,-0.2625,1.274212377
348,0.9583333333333334,0.7625,-0.19583333333333341,1.274212377
349,0.7916666666666666,0.75,-0.04166666666666663,0.654072814
350,0.6666666666666666,0.725,0.05833333333333335,0.654072814
351,1.0,0.9625,-0.03749999999999998,0.571942888
352,0.875,0.75,-0.125,0.654072814
353,1.0,0.9875,-0.012499999999999956,1.273550064
354,1.0,1.0,0.0,0.571942888
355,0.8333333333333334,0.7375,-0.09583333333333333,1.274212377
356,0.7916666666666666,0.775,-0.016666666666666607,1.274212377
357,0.75,0.725,-0.025000000000000022,0.880355226
358,1.0,0.8875,-0.11250000000000004,0.571942888
359,0.9583333333333334,0.85,-0.10833333333333339,0.654072814
360,1.0,0.75,-0.25,0.880355226
361,0.875,0.75,-0.125,1.274212377
362,0.875,0.75,-0.125,0.654072814
363,1.0,1.0,0.0,0.880355226
364,0.9583333333333334,0.9625,0.004166666666666652,0.654072814
365,1.0,0.95,-0.050000000000000044,0.654072814
366,0.875,0.775,-0.09999999999999998,0.571942888
367,1.0,0.825,-0.17500000000000004,1.274212377
368,0.9583333333333334,0.9875,0.029166666666666674,1.274212377
369,0.9583333333333334,0.95,-0.008333333333333415,0.880355226
370,0.8333333333333334,0.7375,-0.09583333333333333,0.880355226
371,1.0,1.0,0.0,0.850521373
372,1.0,0.925,-0.07499999999999996,0.654072814
373,1.0,0.9875,-0.012499999999999956,1.274212377
374,1.0,0.925,-0.07499999999999996,1.274212377
375,0.8333333333333334,0.7625,-0.07083333333333341,1.274212377
376,0.75,0.75,0.0,1.273550064
377,1.0,0.8125,-0.1875,0.687529472
378,1.0,0.9875,-0.012499999999999956,0.880355226
379,1.0,1.0,0.0,1.273550064
380,0.7083333333333334,0.575,-0.13333333333333341,2.268002547
381,1.0,1.0,0.0,0.880355226
382,0.8333333333333334,0.75,-0.08333333333333337,0.687529472
383,1.0,0.9875,-0.012499999999999956,0.880355226
384,0.875,0.9,0.025000000000000022,0.571942888
385,1.0,1.0,0.0,1.274212377
386,1.0,1.0,0.0,0.687529472
387,1.0,0.9625,-0.03749999999999998,1.274212377
388,0.9166666666666666,0.85,-0.06666666666666665,0.880355226
389,0.9583333333333334,0.875,-0.08333333333333337,0.880355226
390,0.875,0.8875,0.012499999999999956,0.880355226
391,0.8333333333333334,0.9125,0.07916666666666661,0.687529472
392,0.7083333333333334,0.6375,-0.07083333333333341,0.654072814
393,0.7083333333333334,0.6375,-0.07083333333333341,2.268002547
394,0.8333333333333334,0.825,-0.008333333333333415,0.571942888
395,0.6666666666666666,0.6375,-0.029166666666666674,0.880355226
396,0.75,0.7625,0.012499999999999956,0.654072814
397,0.75,0.725,-0.025000000000000022,0.571942888
398,1.0,0.925,-0.07499999999999996,0.654072814
399,1.0,0.95,-0.050000000000000044,0.880355226
400,1.0,1.0,0.0,0.880355226
401,0.9166666666666666,0.8125,-0.10416666666666663,0.571942888
402,1.0,0.925,-0.07499999999999996,0.880355226
403,0.875,0.8625,-0.012499999999999956,0.654072814
404,0.875,0.85,-0.025000000000000022,0.880355226
405,0.9166666666666666,0.9125,-0.004166666666666652,1.274212377
406,1.0,0.8875,-0.11250000000000004,0.571942888
407,0.9166666666666666,0.9125,-0.004166666666666652,0.571942888
408,0.7916666666666666,0.7875,-0.004166666666666652,0.654072814
409,1.0,1.0,0.0,0.571942888
410,1.0,1.0,0.0,0.880355226
411,1.0,0.8,-0.19999999999999996,1.274212377
412,0.9583333333333334,0.8125,-0.14583333333333337,0.571942888
413,1.0,1.0,0.0,0.687529472
414,1.0,0.975,-0.025000000000000022,0.687529472
415,1.0,0.9875,-0.012499999999999956,0.571942888
416,1.0,1.0,0.0,0.571942888
417,1.0,0.975,-0.025000000000000022,0.880355226
418,0.7916666666666666,0.7,-0.09166666666666667,1.274212377
419,0.9166666666666666,0.825,-0.09166666666666667,0.880355226
420,0.9583333333333334,0.95,-0.008333333333333415,1.274212377
421,1.0,1.0,0.0,0.654072814
422,0.8333333333333334,0.9,0.06666666666666665,0.880355226
423,0.875,0.8875,0.012499999999999956,0.880355226
424,0.875,0.9,0.025000000000000022,0.654072814
425,1.0,0.825,-0.17500000000000004,0.687529472
426,0.75,0.75,0.0,1.274212377
427,0.875,0.9,0.025000000000000022,0.687529472
428,0.875,0.8875,0.012499999999999956,1.274212377
429,0.875,0.75,-0.125,0.571942888
430,0.875,0.8375,-0.03749999999999998,0.571942888
431,0.9583333333333334,0.9125,-0.04583333333333339,1.274212377
432,1.0,0.9875,-0.012499999999999956,0.880355226
433,0.9583333333333334,0.825,-0.13333333333333341,0.880355226
434,0.9583333333333334,0.925,-0.033333333333333326,0.571942888
435,0.9166666666666666,0.8375,-0.07916666666666661,0.687529472
436,0.9583333333333334,0.9,-0.05833333333333335,0.654072814
437,0.9166666666666666,0.8375,-0.07916666666666661,0.571942888
438,0.9583333333333334,0.95,-0.008333333333333415,0.571942888
439,0.9583333333333334,0.75,-0.20833333333333337,1.274212377
440,0.9166666666666666,0.925,0.008333333333333415,0.571942888
441,0.875,0.925,0.050000000000000044,0.571942888
442,1.0,1.0,0.0,0.880355226
443,0.5,0.5,0.0,1.273550064
444,0.9166666666666666,0.9875,0.07083333333333341,0.654072814
445,1.0,1.0,0.0,0.687529472
446,0.9583333333333334,0.9375,-0.02083333333333337,1.274212377
447,0.875,0.9625,0.08750000000000002,0.571942888
448,1.0,1.0,0.0,0.571942888
449,1.0,1.0,0.0,0.687529472
450,1.0,1.0,0.0,0.654072814
451,1.0,0.975,-0.025000000000000022,0.571942888
452,1.0,0.8125,-0.1875,0.687529472
453,1.0,0.95,-0.050000000000000044,0.571942888
454,0.8333333333333334,0.6,-0.2333333333333334,1.274212377
455,1.0,1.0,0.0,1.274212377
456,0.75,0.825,0.07499999999999996,0.571942888
457,0.9166666666666666,0.775,-0.1416666666666666,0.880355226
458,1.0,0.9,-0.09999999999999998,0.571942888
459,0.7916666666666666,0.2875,-0.5041666666666667,0.880355226
460,0.9166666666666666,0.9125,-0.004166666666666652,0.654072814
461,1.0,1.0,0.0,0.687529472
462,0.9166666666666666,0.8375,-0.07916666666666661,0.571942888
463,0.9166666666666666,0.85,-0.06666666666666665,0.571942888
464,1.0,1.0,0.0,0.654072814
465,0.9583333333333334,0.9875,0.029166666666666674,0.571942888
466,1.0,1.0,0.0,0.571942888
467,1.0,1.0,0.0,0.880355226
468,0.9166666666666666,0.8875,-0.029166666666666674,0.571942888
469,0.875,0.85,-0.025000000000000022,0.571942888
470,1.0,0.95,-0.050000000000000044,0.880355226
471,0.9166666666666666,0.8,-0.11666666666666659,0.654072814
472,1.0,0.9375,-0.0625,0.880355226
473,0.75,0.75,0.0,0.880355226
474,0.7916666666666666,0.6875,-0.10416666666666663,1.273550064
475,1.0,0.9375,-0.0625,0.571942888
476,0.9166666666666666,0.95,0.033333333333333326,0.880355226
477,1.0,0.7625,-0.23750000000000004,0.880355226
478,0.5416666666666666,0.5625,0.02083333333333337,0.880355226
479,0.9583333333333334,0.85,-0.10833333333333339,1.274212377
480,0.9166666666666666,0.9125,-0.004166666666666652,1.274212377
481,0.9166666666666666,0.925,0.008333333333333415,0.571942888
482,0.16666666666666666,0.225,0.05833333333333335,1.274212377
483,0.6666666666666666,0.6875,0.02083333333333337,1.274212377
484,0.875,0.9625,0.08750000000000002,0.880355226
485,0.9166666666666666,0.9125,-0.004166666666666652,1.274212377
486,0.75,0.75,0.0,0.571942888
487,0.5833333333333334,0.3125,-0.27083333333333337,0.687529472
488,1.0,0.925,-0.07499999999999996,0.654072814
489,0.2916666666666667,0.6375,0.34583333333333327,0.607515266
490,1.0,1.0,0.0,0.687529472
491,0.9583333333333334,0.8875,-0.07083333333333341,0.880355226
492,0.5416666666666666,0.8875,0.3458333333333333,0.687529472
493,0.9583333333333334,0.85,-0.10833333333333339,0.654072814
494,1.0,1.0,0.0,1.274212377
495,0.9583333333333334,0.75,-0.20833333333333337,1.274212377
496,0.75,0.725,-0.025000000000000022,1.274212377
497,1.0,0.9375,-0.0625,0.687529472
498,1.0,0.875,-0.125,1.274212377
499,0.9166666666666666,0.7625,-0.15416666666666667,0.571942888
500,0.875,0.85,-0.025000000000000022,0.571942888
501,0.8333333333333334,0.7625,-0.07083333333333341,1.274212377
502,0.9583333333333334,0.8875,-0.07083333333333341,1.274212377
503,1.0,0.975,-0.025000000000000022,1.273550064
504,1.0,1.0,0.0,1.274212377
505,1.0,0.9625,-0.03749999999999998,1.273550064
506,0.875,0.7375,-0.13749999999999996,0.880355226
507,0.875,0.7375,-0.13749999999999996,0.654072814
508,0.9583333333333334,1.0,0.04166666666666663,1.274212377
509,1.0,0.8,-0.19999999999999996,0.654072814
510,0.8333333333333334,0.5,-0.33333333333333337,2.268002547
511,0.7916666666666666,0.725,-0.06666666666666665,1.274212377
512,1.0,0.7625,-0.23750000000000004,0.571942888
513,0.8333333333333334,0.7875,-0.04583333333333339,0.654072814
514,0.875,0.925,0.050000000000000044,1.274212377
515,0.75,0.75,0.0,0.880355226
516,0.8333333333333334,0.7,-0.13333333333333341,0.880355226
517,1.0,1.0,0.0,0.654072814
518,0.875,0.75,-0.125,1.274212377
519,0.9166666666666666,0.6625,-0.25416666666666665,1.274212377
520,0.9166666666666666,0.7875,-0.12916666666666665,0.571942888
521,1.0,0.975,-0.025000000000000022,0.571942888
522,0.7916666666666666,0.6625,-0.12916666666666665,0.571942888
523,1.0,0.9375,-0.0625,1.274212377
524,1.0,1.0,0.0,0.687529472
525,1.0,1.0,0.0,2.268002547
526,0.625,0.5,-0.125,1.274212377
527,0.9166666666666666,0.85,-0.06666666666666665,1.274212377
528,0.9166666666666666,0.7625,-0.15416666666666667,1.273550064
529,0.9166666666666666,0.775,-0.1416666666666666,1.274212377
530,1.0,1.0,0.0,1.273550064
531,1.0,0.775,-0.22499999999999998,2.268002547
532,0.75,0.75,0.0,1.273550064
533,1.0,1.0,0.0,0.850521373
534,1.0,1.0,0.0,0.654072814
535,0.9583333333333334,0.9125,-0.04583333333333339,0.571942888
536,0.9583333333333334,0.9875,0.029166666666666674,0.687529472
537,0.75,0.7875,0.03749999999999998,0.880355226
538,0.9583333333333334,0.9625,0.004166666666666652,0.880355226
539,0.7916666666666666,0.7375,-0.054166666666666585,0.654072814
540,0.75,0.65,-0.09999999999999998,0.880355226
541,0.8333333333333334,0.8125,-0.02083333333333337,0.880355226
542,1.0,0.9625,-0.03749999999999998,0.880355226
543,0.875,0.7125,-0.16249999999999998,0.880355226
544,0.8333333333333334,0.7,-0.13333333333333341,0.654072814
545,0.9166666666666666,0.9,-0.016666666666666607,0.880355226
546,0.9166666666666666,0.9375,0.02083333333333337,1.274212377
547,0.875,0.7,-0.17500000000000004,2.268002547
548,0.9583333333333334,0.8,-0.15833333333333333,1.274212377
549,0.9166666666666666,0.8375,-0.07916666666666661,1.274212377
550,0.9583333333333334,0.8375,-0.12083333333333335,1.274212377
551,0.875,0.75,-0.125,1.274212377
552,1.0,0.875,-0.125,1.274212377
553,0.75,0.7375,-0.012499999999999956,2.268002547
554,1.0,0.975,-0.025000000000000022,2.268002547
555,0.9583333333333334,0.9375,-0.02083333333333337,0.571942888
556,0.75,0.6875,-0.0625,0.571942888
557,0.9166666666666666,0.85,-0.06666666666666665,0.571942888
558,1.0,0.9375,-0.0625,0.654072814
559,1.0,0.8,-0.19999999999999996,0.850521373
560,0.9166666666666666,0.8125,-0.10416666666666663,2.268002547
561,0.7916666666666666,0.7375,-0.054166666666666585,0.654072814
562,0.75,0.7125,-0.03749999999999998,1.274212377
563,0.9166666666666666,0.7875,-0.12916666666666665,0.687529472
564,1.0,0.9875,-0.012499999999999956,1.274212377
565,0.8333333333333334,0.7875,-0.04583333333333339,0.880355226
566,1.0,1.0,0.0,0.654072814
567,1.0,1.0,0.0,0.607515266
568,1.0,1.0,0.0,0.654072814
569,1.0,1.0,0.0,0.654072814
570,0.7083333333333334,0.7625,0.054166666666666585,0.880355226
571,1.0,1.0,0.0,0.654072814
572,0.9583333333333334,1.0,0.04166666666666663,0.571942888
573,0.875,0.875,0.0,2.268002547
574,0.75,0.75,0.0,0.607515266
575,0.6666666666666666,0.6875,0.02083333333333337,2.268002547
576,0.9583333333333334,0.9625,0.004166666666666652,0.850521373
577,0.75,0.6625,-0.08750000000000002,0.880355226
578,0.7083333333333334,0.625,-0.08333333333333337,1.274212377
579,0.75,0.65,-0.09999999999999998,1.274212377
580,0.75,0.65,-0.09999999999999998,0.880355226
581,0.9583333333333334,0.8625,-0.09583333333333333,0.850521373
582,0.75,0.7,-0.050000000000000044,0.880355226
583,0.8333333333333334,0.8125,-0.02083333333333337,0.880355226
584,0.875,0.7625,-0.11250000000000004,0.880355226
585,0.8333333333333334,0.7625,-0.07083333333333341,0.654072814
586,0.8333333333333334,0.8875,0.054166666666666585,0.571942888
587,0.875,0.75,-0.125,0.654072814
588,0.9583333333333334,0.9,-0.05833333333333335,0.964615703
589,1.0,1.0,0.0,0.571942888
590,0.9166666666666666,0.6125,-0.3041666666666666,2.268002547
591,0.875,0.6,-0.275,1.274212377
592,0.9583333333333334,0.8375,-0.12083333333333335,1.274212377
593,0.8333333333333334,0.7625,-0.07083333333333341,0.880355226
594,0.75,0.7625,0.012499999999999956,0.654072814
595,0.75,0.725,-0.025000000000000022,0.880355226
596,0.9583333333333334,0.8625,-0.09583333333333333,0.880355226
597,1.0,0.8875,-0.11250000000000004,0.880355226
598,1.0,0.95,-0.050000000000000044,1.274212377
599,0.9583333333333334,0.925,-0.033333333333333326,1.274212377
600,0.9583333333333334,0.8625,-0.09583333333333333,0.654072814
601,0.9583333333333334,0.875,-0.08333333333333337,0.880355226
602,0.9166666666666666,0.85,-0.06666666666666665,1.274212377
603,0.9583333333333334,0.9,-0.05833333333333335,1.274212377
604,0.6666666666666666,0.7875,0.12083333333333335,0.880355226
605,1.0,1.0,0.0,1.274212377
606,0.5833333333333334,0.6125,0.029166666666666674,1.274212377
607,1.0,1.0,0.0,0.571942888
608,1.0,1.0,0.0,2.268002547
609,1.0,0.8125,-0.1875,0.687529472
610,0.6666666666666666,0.7875,0.12083333333333335,1.273550064
611,0.8333333333333334,0.675,-0.15833333333333333,0.571942888
612,0.9583333333333334,0.8,-0.15833333333333333,0.880355226
613,1.0,1.0,0.0,0.687529472
614,0.9166666666666666,0.8125,-0.10416666666666663,1.274212377
615,0.875,0.9625,0.08750000000000002,2.268002547
616,0.875,0.7625,-0.11250000000000004,2.268002547
617,0.7083333333333334,0.6,-0.10833333333333339,0.964615703
618,0.7083333333333334,0.6875,-0.02083333333333337,1.273550064
619,1.0,1.0,0.0,0.880355226
620,1.0,0.8875,-0.11250000000000004,0.880355226
621,1.0,0.825,-0.17500000000000004,1.274212377
622,1.0,0.9875,-0.012499999999999956,1.273550064
623,0.7916666666666666,0.8125,0.02083333333333337,2.268002547
624,0.75,0.5125,-0.23750000000000004,0.687529472
625,0.75,0.7,-0.050000000000000044,0.880355226
626,0.75,0.7125,-0.03749999999999998,0.880355226
627,0.7083333333333334,0.775,0.06666666666666665,1.274212377
628,0.375,0.5125,0.13749999999999996,0.880355226
629,0.7083333333333334,0.675,-0.033333333333333326,0.880355226
630,0.9583333333333334,0.9375,-0.02083333333333337,1.274212377
631,0.75,0.7375,-0.012499999999999956,0.687529472
632,0.9166666666666666,0.7625,-0.15416666666666667,0.880355226
633,0.9583333333333334,0.9,-0.05833333333333335,0.571942888
634,0.9583333333333334,0.7875,-0.1708333333333334,0.880355226
635,0.6666666666666666,0.55,-0.11666666666666659,0.687529472
636,0.875,0.875,0.0,0.571942888
637,0.5416666666666666,0.5375,-0.004166666666666652,0.880355226
638,0.7083333333333334,0.6625,-0.04583333333333339,0.880355226
639,0.7916666666666666,0.6375,-0.15416666666666667,2.268002547
640,0.7083333333333334,0.55,-0.15833333333333333,0.654072814
641,1.0,0.975,-0.025000000000000022,0.571942888
642,0.25,0.425,0.175,0.880355226
643,0.8333333333333334,0.95,0.11666666666666659,0.850521373
644,0.875,0.6875,-0.1875,1.273550064
645,0.625,0.4375,-0.1875,0.880355226
646,0.875,0.8625,-0.012499999999999956,1.274212377
647,0.9583333333333334,0.725,-0.2333333333333334,2.268002547
648,0.9166666666666666,0.8625,-0.054166666666666585,2.268002547
649,0.875,0.8625,-0.012499999999999956,1.274212377
650,0.7083333333333334,0.5875,-0.12083333333333335,0.880355226
651,0.9583333333333334,0.9125,-0.04583333333333339,0.880355226
652,1.0,0.85,-0.15000000000000002,2.268002547
653,0.9166666666666666,0.9625,0.04583333333333339,0.654072814
654,0.7083333333333334,0.825,0.11666666666666659,0.687529472
655,0.9583333333333334,0.8375,-0.12083333333333335,0.687529472
656,0.875,0.725,-0.15000000000000002,1.274212377
657,1.0,1.0,0.0,0.687529472
658,0.7083333333333334,0.5875,-0.12083333333333335,0.571942888
659,1.0,1.0,0.0,2.268002547
660,1.0,0.8625,-0.13749999999999996,1.274212377
661,0.9583333333333334,0.9875,0.029166666666666674,1.274212377
662,1.0,0.95,-0.050000000000000044,0.850521373
663,0.9583333333333334,0.925,-0.033333333333333326,1.274212377
664,0.9166666666666666,0.6875,-0.22916666666666663,0.571942888
665,0.7083333333333334,0.6375,-0.07083333333333341,1.274212377
666,0.9166666666666666,0.825,-0.09166666666666667,0.607515266
667,0.9166666666666666,0.925,0.008333333333333415,0.571942888
668,0.9166666666666666,0.925,0.008333333333333415,0.654072814
669,0.9166666666666666,0.8375,-0.07916666666666661,0.571942888
670,0.7916666666666666,0.75,-0.04166666666666663,0.571942888
671,0.9583333333333334,0.85,-0.10833333333333339,0.687529472
672,0.8333333333333334,0.6625,-0.1708333333333334,0.964615703
673,0.875,0.9625,0.08750000000000002,2.268002547
674,0.7083333333333334,0.5375,-0.1708333333333334,0.880355226
675,0.7083333333333334,0.625,-0.08333333333333337,1.274212377
676,1.0,1.0,0.0,0.571942888
677,1.0,1.0,0.0,0.654072814
678,1.0,0.9375,-0.0625,0.654072814
679,1.0,1.0,0.0,0.880355226
680,0.9583333333333334,0.9,-0.05833333333333335,0.880355226
681,0.9583333333333334,0.9,-0.05833333333333335,0.880355226
682,0.9166666666666666,0.8625,-0.054166666666666585,1.274212377
683,0.875,0.775,-0.09999999999999998,0.571942888
684,0.7083333333333334,0.8625,0.15416666666666667,1.274212377
685,0.75,0.7125,-0.03749999999999998,2.268002547
686,1.0,1.0,0.0,1.274212377
687,0.5833333333333334,0.375,-0.20833333333333337,0.571942888
688,0.875,0.8625,-0.012499999999999956,2.268002547
689,0.9583333333333334,0.9875,0.029166666666666674,0.571942888
690,0.8333333333333334,0.7875,-0.04583333333333339,1.273550064
691,0.5833333333333334,0.5,-0.08333333333333337,0.880355226
692,0.875,0.85,-0.025000000000000022,1.273550064
693,0.9583333333333334,0.8625,-0.09583333333333333,0.571942888
694,0.9583333333333334,0.925,-0.033333333333333326,0.571942888
695,0.9583333333333334,0.8125,-0.14583333333333337,0.571942888
696,1.0,0.7875,-0.21250000000000002,0.687529472
697,1.0,1.0,0.0,0.571942888
698,1.0,0.9125,-0.08750000000000002,0.687529472
699,1.0,1.0,0.0,0.880355226
700,0.9583333333333334,0.7875,-0.1708333333333334,0.654072814
701,0.875,0.825,-0.050000000000000044,1.274212377
702,1.0,1.0,0.0,1.274212377
703,0.5416666666666666,0.75,0.20833333333333337,1.274212377
704,1.0,1.0,0.0,1.274212377
705,1.0,0.9375,-0.0625,1.274212377
706,1.0,1.0,0.0,2.268002547
707,0.75,0.7625,0.012499999999999956,0.880355226
708,0.9583333333333334,0.9625,0.004166666666666652,1.274212377
709,1.0,1.0,0.0,0.571942888
710,1.0,0.85,-0.15000000000000002,2.268002547
711,0.75,0.7625,0.012499999999999956,1.274212377
712,0.9583333333333334,0.9375,-0.02083333333333337,2.268002547
713,0.875,0.7875,-0.08750000000000002,2.268002547
714,0.7916666666666666,0.5625,-0.22916666666666663,1.274212377
715,0.6666666666666666,0.75,0.08333333333333337,0.880355226
716,1.0,1.0,0.0,0.880355226
717,1.0,0.9375,-0.0625,0.654072814
718,1.0,0.7625,-0.23750000000000004,0.571942888
719,1.0,0.9,-0.09999999999999998,0.654072814
720,1.0,0.9375,-0.0625,0.571942888
721,1.0,1.0,0.0,0.571942888
722,0.9166666666666666,0.9,-0.016666666666666607,0.571942888
723,1.0,1.0,0.0,0.654072814
724,1.0,1.0,0.0,1.274212377
725,0.9166666666666666,0.925,0.008333333333333415,0.571942888
726,1.0,1.0,0.0,2.268002547
727,1.0,1.0,0.0,1.273550064
728,0.6666666666666666,0.6125,-0.054166666666666585,0.850521373
729,0.8333333333333334,0.6125,-0.22083333333333333,0.687529472
730,0.9583333333333334,0.85,-0.10833333333333339,1.274212377
731,0.6666666666666666,0.7375,0.07083333333333341,0.654072814
732,1.0,0.7375,-0.26249999999999996,0.687529472
733,1.0,0.875,-0.125,0.571942888
734,0.9166666666666666,0.7125,-0.2041666666666666,1.273550064
735,0.9166666666666666,0.7625,-0.15416666666666667,1.274212377
736,0.9166666666666666,0.75,-0.16666666666666663,1.273550064
737,0.625,0.6625,0.03749999999999998,0.571942888
738,0.75,0.7125,-0.03749999999999998,1.274212377
739,0.5833333333333334,0.75,0.16666666666666663,1.274212377
740,0.875,0.8875,0.012499999999999956,1.274212377
741,0.8333333333333334,0.825,-0.008333333333333415,2.268002547
742,0.7916666666666666,0.85,0.05833333333333335,0.880355226
743,0.875,0.8125,-0.0625,0.687529472
744,1.0,1.0,0.0,1.273550064
745,0.8333333333333334,0.75,-0.08333333333333337,1.273550064
746,0.7916666666666666,0.7125,-0.07916666666666661,0.654072814
747,1.0,0.65,-0.35,0.687529472
748,0.9583333333333334,0.8625,-0.09583333333333333,0.571942888
749,1.0,0.9375,-0.0625,0.571942888
750,1.0,1.0,0.0,0.880355226
751,0.75,0.6,-0.15000000000000002,0.880355226
752,1.0,1.0,0.0,0.571942888
753,1.0,0.85,-0.15000000000000002,1.274212377
754,0.5416666666666666,0.45,-0.09166666666666662,0.571942888
755,0.625,0.6875,0.0625,1.274212377
756,0.9166666666666666,0.75,-0.16666666666666663,0.880355226
757,0.875,0.75,-0.125,0.571942888
758,1.0,1.0,0.0,1.273550064
759,0.9583333333333334,0.875,-0.08333333333333337,1.274212377
760,0.8333333333333334,0.9125,0.07916666666666661,0.654072814
761,0.7083333333333334,0.675,-0.033333333333333326,1.273550064
762,1.0,1.0,0.0,0.607515266
763,0.9583333333333334,0.9625,0.004166666666666652,0.880355226
764,1.0,1.0,0.0,0.687529472
765,1.0,1.0,0.0,0.571942888
766,1.0,1.0,0.0,1.273550064
767,0.7916666666666666,0.525,-0.2666666666666666,0.654072814
768,0.875,0.7125,-0.16249999999999998,1.274212377
769,0.9166666666666666,0.8,-0.11666666666666659,0.654072814
770,0.5833333333333334,0.55,-0.033333333333333326,0.880355226
771,1.0,1.0,0.0,2.268002547
772,0.625,0.65,0.025000000000000022,0.880355226
773,1.0,0.9375,-0.0625,2.268002547
774,1.0,0.95,-0.050000000000000044,2.268002547
775,0.16666666666666666,0.25,0.08333333333333334,0.880355226
776,0.75,0.575,-0.17500000000000004,0.571942888
777,0.7083333333333334,0.55,-0.15833333333333333,2.268002547
778,0.875,0.9,0.025000000000000022,1.273550064
779,0.9166666666666666,0.7875,-0.12916666666666665,2.268002547
780,0.9166666666666666,0.8375,-0.07916666666666661,0.687529472
781,0.7916666666666666,0.8625,0.07083333333333341,0.880355226
782,0.8333333333333334,0.725,-0.10833333333333339,0.880355226
783,0.875,0.8125,-0.0625,2.268002547
784,0.5833333333333334,0.6,0.016666666666666607,0.880355226
785,0.20833333333333334,0.325,0.11666666666666667,0.880355226
786,1.0,0.7625,-0.23750000000000004,0.850521373
787,0.8333333333333334,0.625,-0.20833333333333337,1.274212377
788,0.9166666666666666,0.9,-0.016666666666666607,1.274212377
789,1.0,0.8375,-0.16249999999999998,0.880355226
790,0.875,0.75,-0.125,0.571942888
791,0.75,0.6875,-0.0625,0.880355226
792,1.0,0.8125,-0.1875,1.274212377
793,1.0,1.0,0.0,0.571942888
794,0.9166666666666666,1.0,0.08333333333333337,0.571942888
795,0.875,0.75,-0.125,1.274212377
796,0.875,0.8375,-0.03749999999999998,0.850521373
797,0.9583333333333334,0.9125,-0.04583333333333339,0.571942888
798,0.8333333333333334,0.7625,-0.07083333333333341,0.654072814
799,0.5,0.6375,0.13749999999999996,0.880355226
800,0.875,0.625,-0.25,1.274212377
801,0.5833333333333334,0.675,0.09166666666666667,1.274212377
802,1.0,1.0,0.0,0.880355226
803,1.0,1.0,0.0,0.687529472
804,0.625,0.525,-0.09999999999999998,0.687529472
805,1.0,1.0,0.0,0.571942888
806,0.9166666666666666,0.8875,-0.029166666666666674,0.571942888
807,0.75,0.7125,-0.03749999999999998,1.274212377
808,0.7083333333333334,0.7125,0.004166666666666652,0.880355226
809,0.75,0.6875,-0.0625,1.274212377
810,0.6666666666666666,0.5125,-0.15416666666666667,0.880355226
811,1.0,1.0,0.0,0.880355226
812,0.875,0.75,-0.125,2.268002547
813,0.9166666666666666,1.0,0.08333333333333337,0.880355226
814,1.0,1.0,0.0,1.274212377
815,0.20833333333333334,0.05,-0.15833333333333333,1.274212377
816,0.875,0.7875,-0.08750000000000002,1.274212377
817,0.6666666666666666,0.7,0.033333333333333326,1.274212377
818,0.8333333333333334,0.7625,-0.07083333333333341,1.274212377
819,1.0,1.0,0.0,0.880355226
820,0.75,0.775,0.025000000000000022,0.687529472
821,0.9166666666666666,0.8875,-0.029166666666666674,0.880355226
822,0.8333333333333334,0.7,-0.13333333333333341,0.687529472
823,1.0,1.0,0.0,0.880355226
824,1.0,1.0,0.0,0.880355226
825,0.875,0.7,-0.17500000000000004,0.880355226
826,1.0,0.975,-0.025000000000000022,0.654072814
827,0.875,0.7875,-0.08750000000000002,0.687529472
828,0.9166666666666666,0.8875,-0.029166666666666674,0.687529472
829,1.0,1.0,0.0,0.654072814
830,0.9583333333333334,0.5875,-0.37083333333333335,0.654072814
831,1.0,0.8875,-0.11250000000000004,0.654072814
832,0.875,0.825,-0.050000000000000044,0.654072814
833,0.875,0.75,-0.125,0.654072814
834,1.0,0.875,-0.125,0.571942888
835,1.0,0.975,-0.025000000000000022,0.571942888
836,0.8333333333333334,0.7,-0.13333333333333341,0.571942888
837,1.0,1.0,0.0,0.654072814
838,1.0,0.8625,-0.13749999999999996,0.571942888
839,1.0,0.8625,-0.13749999999999996,0.571942888
840,1.0,1.0,0.0,1.274212377
841,1.0,1.0,0.0,0.880355226
842,0.8333333333333334,0.65,-0.18333333333333335,1.274212377
843,0.75,0.575,-0.17500000000000004,0.880355226
844,1.0,1.0,0.0,0.880355226
845,0.8333333333333334,0.675,-0.15833333333333333,0.880355226
846,1.0,0.95,-0.050000000000000044,0.880355226
847,0.9583333333333334,0.925,-0.033333333333333326,0.880355226
848,0.9583333333333334,0.9625,0.004166666666666652,0.571942888
849,0.75,0.75,0.0,0.687529472
850,0.875,0.625,-0.25,0.654072814
851,0.9583333333333334,0.9875,0.029166666666666674,0.654072814
852,0.9583333333333334,0.9625,0.004166666666666652,0.571942888
853,0.5,0.4375,-0.0625,2.268002547
854,0.875,0.7375,-0.13749999999999996,2.268002547
855,0.75,0.875,0.125,0.964615703
856,0.75,0.875,0.125,1.273550064
857,1.0,0.7375,-0.26249999999999996,2.268002547
858,0.5416666666666666,0.875,0.33333333333333337,2.268002547
859,0.75,0.75,0.0,1.273550064
860,0.875,0.9125,0.03749999999999998,1.273550064
861,0.9583333333333334,0.8125,-0.14583333333333337,0.850521373
862,0.8333333333333334,0.75,-0.08333333333333337,0.964615703
863,0.9583333333333334,0.9875,0.029166666666666674,0.607515266
864,1.0,1.0,0.0,2.268002547
865,1.0,1.0,0.0,2.268002547
866,0.75,0.725,-0.025000000000000022,0.880355226
867,1.0,1.0,0.0,1.274212377
868,0.8333333333333334,0.5,-0.33333333333333337,0.880355226
869,0.875,0.925,0.050000000000000044,0.687529472
870,0.9583333333333334,0.9875,0.029166666666666674,0.654072814
871,1.0,1.0,0.0,0.654072814
872,0.875,0.875,0.0,0.571942888
873,0.75,1.0,0.25,1.274212377
874,1.0,1.0,0.0,1.274212377
875,1.0,1.0,0.0,0.654072814
876,1.0,1.0,0.0,0.880355226
877,1.0,1.0,0.0,0.654072814
878,1.0,1.0,0.0,0.571942888
879,0.875,0.75,-0.125,2.268002547
880,1.0,1.0,0.0,0.850521373
881,0.8333333333333334,0.75,-0.08333333333333337,1.273550064
882,1.0,1.0,0.0,0.850521373
883,0.75,0.5875,-0.16249999999999998,0.964615703
884,0.9583333333333334,0.875,-0.08333333333333337,0.850521373
885,1.0,1.0,0.0,0.850521373
886,1.0,0.95,-0.050000000000000044,1.273550064
887,1.0,1.0,0.0,0.607515266
888,0.75,0.85,0.09999999999999998,1.274212377
889,0.875,0.6,-0.275,0.880355226
890,1.0,1.0,0.0,0.654072814
891,1.0,0.9,-0.09999999999999998,0.654072814
892,0.7083333333333334,0.775,0.06666666666666665,0.571942888
893,0.625,0.5125,-0.11250000000000004,0.571942888
894,0.875,0.9,0.025000000000000022,0.571942888
895,1.0,0.9,-0.09999999999999998,0.654072814
896,0.6666666666666666,0.625,-0.04166666666666663,0.880355226
897,1.0,0.9875,-0.012499999999999956,1.274212377
898,0.9583333333333334,0.825,-0.13333333333333341,0.687529472
899,0.5,0.5,0.0,1.274212377
900,1.0,1.0,0.0,1.274212377
901,1.0,0.8125,-0.1875,0.880355226
902,0.9583333333333334,0.975,0.016666666666666607,0.571942888
903,1.0,0.95,-0.050000000000000044,0.571942888
904,0.875,0.75,-0.125,1.274212377
905,0.875,0.9,0.025000000000000022,0.607515266
906,0.9166666666666666,0.75,-0.16666666666666663,2.268002547
907,0.7083333333333334,0.8375,0.12916666666666665,0.850521373
908,0.5833333333333334,0.3125,-0.27083333333333337,1.274212377
909,1.0,0.95,-0.050000000000000044,2.268002547
910,0.7916666666666666,0.7375,-0.054166666666666585,0.654072814
911,0.75,0.7,-0.050000000000000044,0.571942888
912,0.5833333333333334,0.5,-0.08333333333333337,0.571942888
913,1.0,0.95,-0.050000000000000044,0.571942888
914,1.0,1.0,0.0,1.274212377
915,1.0,0.9875,-0.012499999999999956,1.274212377
916,1.0,0.9625,-0.03749999999999998,1.274212377
917,1.0,1.0,0.0,0.571942888
918,1.0,1.0,0.0,0.571942888
919,0.7083333333333334,0.7,-0.008333333333333415,0.687529472
920,0.9583333333333334,0.9375,-0.02083333333333337,0.571942888
921,0.7083333333333334,0.6125,-0.09583333333333333,0.607515266
922,0.7916666666666666,0.7,-0.09166666666666667,0.571942888
923,1.0,0.9,-0.09999999999999998,0.571942888
924,1.0,1.0,0.0,1.273550064
925,0.5,0.5,0.0,2.268002547
926,1.0,1.0,0.0,0.964615703
927,1.0,1.0,0.0,0.850521373
928,1.0,1.0,0.0,0.687529472
929,1.0,1.0,0.0,0.880355226
930,0.9166666666666666,0.8875,-0.029166666666666674,2.268002547
931,0.75,0.75,0.0,0.880355226
932,0.75,0.7375,-0.012499999999999956,0.880355226
933,0.9583333333333334,0.9625,0.004166666666666652,0.687529472
934,1.0,0.9,-0.09999999999999998,0.654072814
935,0.875,0.975,0.09999999999999998,0.571942888
936,1.0,1.0,0.0,0.571942888
937,1.0,1.0,0.0,0.654072814
938,1.0,1.0,0.0,0.571942888
939,0.9166666666666666,0.8625,-0.054166666666666585,0.571942888
940,1.0,0.775,-0.22499999999999998,0.964615703
941,0.5416666666666666,0.5,-0.04166666666666663,0.880355226
942,0.9166666666666666,0.6625,-0.25416666666666665,0.687529472
943,1.0,0.825,-0.17500000000000004,0.687529472
944,0.875,0.75,-0.125,1.274212377
945,1.0,0.9875,-0.012499999999999956,2.268002547
946,1.0,1.0,0.0,2.268002547
947,1.0,0.8,-0.19999999999999996,2.268002547
948,1.0,1.0,0.0,0.964615703
949,0.9166666666666666,0.8,-0.11666666666666659,0.880355226
950,1.0,0.8125,-0.1875,1.274212377
951,1.0,1.0,0.0,2.268002547
952,0.875,0.725,-0.15000000000000002,1.274212377
953,1.0,0.975,-0.025000000000000022,2.268002547
954,0.875,1.0,0.125,1.274212377
955,0.875,0.925,0.050000000000000044,1.274212377
956,1.0,1.0,0.0,2.268002547
957,0.9583333333333334,0.875,-0.08333333333333337,2.268002547
958,1.0,1.0,0.0,0.880355226
959,1.0,0.9375,-0.0625,0.880355226
960,1.0,1.0,0.0,1.273550064
961,0.7083333333333334,0.4125,-0.2958333333333334,0.880355226
962,0.6666666666666666,0.6625,-0.004166666666666652,0.654072814
963,1.0,1.0,0.0,0.654072814
964,1.0,1.0,0.0,0.964615703
965,1.0,1.0,0.0,0.687529472
966,0.75,0.7375,-0.012499999999999956,0.880355226
967,0.875,0.7375,-0.13749999999999996,1.274212377
968,0.875,0.75,-0.125,0.654072814
969,1.0,1.0,0.0,0.654072814
970,1.0,1.0,0.0,0.687529472
971,0.9166666666666666,0.6,-0.31666666666666665,0.880355226
972,0.7916666666666666,0.9,0.10833333333333339,0.654072814
973,0.8333333333333334,0.75,-0.08333333333333337,0.687529472
974,0.6666666666666666,0.5375,-0.12916666666666665,0.687529472
975,0.9583333333333334,0.825,-0.13333333333333341,1.274212377
976,0.6666666666666666,0.9,0.2333333333333334,0.687529472
977,1.0,1.0,0.0,0.880355226
978,1.0,0.8625,-0.13749999999999996,0.880355226
979,0.6666666666666666,0.725,0.05833333333333335,0.880355226
980,1.0,0.775,-0.22499999999999998,0.880355226
981,1.0,1.0,0.0,0.687529472
982,0.625,0.8,0.17500000000000004,1.273550064
983,1.0,1.0,0.0,0.571942888
984,0.7083333333333334,0.6125,-0.09583333333333333,0.654072814
985,0.7916666666666666,0.7,-0.09166666666666667,0.880355226
986,0.7083333333333334,0.65,-0.05833333333333335,0.687529472
987,0.9166666666666666,0.7875,-0.12916666666666665,0.571942888
988,0.9583333333333334,0.75,-0.20833333333333337,0.687529472
989,0.7916666666666666,0.75,-0.04166666666666663,0.571942888
990,0.9166666666666666,0.8125,-0.10416666666666663,0.571942888
991,0.875,0.825,-0.050000000000000044,1.274212377
992,0.9583333333333334,0.8125,-0.14583333333333337,0.571942888
993,0.9583333333333334,0.8875,-0.07083333333333341,0.880355226
994,0.9166666666666666,0.775,-0.1416666666666666,0.880355226
995,0.9583333333333334,0.7625,-0.19583333333333341,2.268002547
996,0.9166666666666666,0.75,-0.16666666666666663,0.654072814
997,0.9166666666666666,0.8375,-0.07916666666666661,0.654072814
998,1.0,1.0,0.0,1.274212377
999,0.9583333333333334,0.8625,-0.09583333333333333,0.571942888
1000,0.9166666666666666,0.675,-0.24166666666666659,0.880355226
1001,1.0,0.9625,-0.03749999999999998,0.654072814
1002,0.9166666666666666,0.8125,-0.10416666666666663,1.274212377
1003,0.875,0.575,-0.30000000000000004,2.268002547
1004,0.875,0.7625,-0.11250000000000004,1.274212377
1005,0.625,0.725,0.09999999999999998,0.880355226
1006,0.9583333333333334,0.825,-0.13333333333333341,2.268002547
1007,1.0,0.95,-0.050000000000000044,0.571942888
1008,1.0,0.8875,-0.11250000000000004,0.880355226
1009,1.0,1.0,0.0,0.880355226
1010,0.9166666666666666,0.825,-0.09166666666666667,1.274212377
1011,0.9583333333333334,0.8125,-0.14583333333333337,1.274212377
1012,0.9166666666666666,0.825,-0.09166666666666667,0.687529472
1013,1.0,0.9375,-0.0625,1.274212377
1014,1.0,0.75,-0.25,0.880355226
1015,0.9583333333333334,0.75,-0.20833333333333337,2.268002547
1016,0.9166666666666666,0.9375,0.02083333333333337,0.880355226
1017,0.875,0.75,-0.125,1.274212377
1018,0.875,0.75,-0.125,0.687529472
1019,0.875,0.8375,-0.03749999999999998,0.880355226
1020,0.9583333333333334,0.95,-0.008333333333333415,1.274212377
1021,0.8333333333333334,0.85,0.016666666666666607,0.880355226
1022,0.9583333333333334,0.925,-0.033333333333333326,0.687529472
1023,0.6666666666666666,0.7625,0.09583333333333333,1.274212377
1024,0.9583333333333334,0.95,-0.008333333333333415,1.274212377
1025,0.9583333333333334,1.0,0.04166666666666663,0.687529472
1026,0.9166666666666666,0.8375,-0.07916666666666661,0.654072814
1027,0.625,0.725,0.09999999999999998,0.880355226
1028,0.5833333333333334,0.5,-0.08333333333333337,0.654072814
1029,1.0,0.8875,-0.11250000000000004,0.571942888
1030,0.9166666666666666,0.7625,-0.15416666666666667,0.571942888
1031,1.0,0.825,-0.17500000000000004,0.571942888
1032,0.9166666666666666,0.775,-0.1416666666666666,0.687529472
1033,0.9583333333333334,0.825,-0.13333333333333341,0.654072814
1034,0.875,0.7625,-0.11250000000000004,2.268002547
1035,0.5833333333333334,0.5,-0.08333333333333337,0.654072814
1036,0.9166666666666666,0.75,-0.16666666666666663,0.571942888
1037,0.875,0.7625,-0.11250000000000004,2.268002547
1038,0.875,0.8125,-0.0625,1.274212377
1039,0.8333333333333334,0.7,-0.13333333333333341,1.273550064
1040,0.9583333333333334,0.8125,-0.14583333333333337,2.268002547
1041,0.875,0.75,-0.125,0.880355226
1042,0.9166666666666666,0.825,-0.09166666666666667,0.880355226
1043,0.9166666666666666,0.8125,-0.10416666666666663,2.268002547
1044,0.9166666666666666,0.8125,-0.10416666666666663,2.268002547
1045,0.7916666666666666,0.8375,0.04583333333333339,1.274212377
1046,0.9166666666666666,0.775,-0.1416666666666666,2.268002547
1047,0.9166666666666666,0.775,-0.1416666666666666,1.274212377
1048,0.875,0.85,-0.025000000000000022,1.274212377
1049,0.9166666666666666,0.8,-0.11666666666666659,0.571942888
1050,0.9166666666666666,0.825,-0.09166666666666667,1.273550064
1051,0.75,0.85,0.09999999999999998,1.274212377
1052,0.9583333333333334,0.8625,-0.09583333333333333,0.880355226
1053,0.875,0.8375,-0.03749999999999998,1.274212377
1054,0.875,0.7375,-0.13749999999999996,0.571942888
1055,0.9166666666666666,0.85,-0.06666666666666665,2.268002547
1056,0.8333333333333334,0.625,-0.20833333333333337,2.268002547
1057,0.875,0.7,-0.17500000000000004,0.654072814
1058,0.9166666666666666,0.7375,-0.17916666666666659,1.273550064
1059,0.9166666666666666,0.825,-0.09166666666666667,0.687529472
1060,0.9166666666666666,0.85,-0.06666666666666665,0.880355226
1061,0.875,0.9125,0.03749999999999998,0.654072814
1062,0.75,0.7125,-0.03749999999999998,1.274212377
1063,0.7916666666666666,0.8,0.008333333333333415,2.268002547
1064,1.0,1.0,0.0,2.268002547
1065,0.625,0.7,0.07499999999999996,0.880355226
1066,0.3333333333333333,0.3125,-0.020833333333333315,1.274212377
1067,1.0,1.0,0.0,0.687529472
1068,0.9583333333333334,1.0,0.04166666666666663,2.268002547
1069,0.9583333333333334,0.9375,-0.02083333333333337,1.273550064
1070,1.0,0.9875,-0.012499999999999956,0.571942888
1071,0.9583333333333334,0.9375,-0.02083333333333337,0.850521373
1072,0.9583333333333334,0.8125,-0.14583333333333337,1.274212377
1073,0.8333333333333334,0.8875,0.054166666666666585,2.268002547
1074,0.9583333333333334,0.9875,0.029166666666666674,0.850521373
1075,0.875,0.875,0.0,0.850521373
1076,0.9166666666666666,0.9375,0.02083333333333337,2.268002547
1077,0.875,0.875,0.0,1.274212377
1078,1.0,1.0,0.0,0.571942888
1079,0.9166666666666666,0.8375,-0.07916666666666661,0.880355226
1080,1.0,0.9625,-0.03749999999999998,0.571942888
1081,0.9166666666666666,0.85,-0.06666666666666665,0.654072814
1082,0.9583333333333334,0.85,-0.10833333333333339,1.273550064
1083,0.9166666666666666,0.875,-0.04166666666666663,1.274212377
1084,0.9166666666666666,0.75,-0.16666666666666663,0.687529472
1085,0.9166666666666666,0.8,-0.11666666666666659,0.654072814
1086,1.0,1.0,0.0,0.571942888
1087,0.7916666666666666,0.7875,-0.004166666666666652,1.274212377
1088,0.9166666666666666,0.875,-0.04166666666666663,1.274212377
1089,0.9166666666666666,0.8625,-0.054166666666666585,0.654072814
1090,0.9166666666666666,0.825,-0.09166666666666667,0.654072814
1091,0.6666666666666666,0.7125,0.04583333333333339,0.654072814
1092,1.0,1.0,0.0,0.654072814
1093,0.875,0.75,-0.125,0.687529472
1094,0.9166666666666666,0.825,-0.09166666666666667,0.571942888
1095,0.875,0.85,-0.025000000000000022,0.880355226
1096,1.0,1.0,0.0,0.654072814
1097,0.875,0.7875,-0.08750000000000002,0.654072814
1098,0.75,0.725,-0.025000000000000022,1.274212377
1099,1.0,0.9625,-0.03749999999999998,0.571942888
1100,1.0,1.0,0.0,0.571942888
1101,0.75,0.7875,0.03749999999999998,1.274212377
1102,0.9583333333333334,0.8,-0.15833333333333333,0.880355226
1103,0.9166666666666666,0.95,0.033333333333333326,0.687529472
1104,0.9166666666666666,0.95,0.033333333333333326,0.880355226
1105,1.0,0.875,-0.125,0.571942888
1106,0.7916666666666666,0.7875,-0.004166666666666652,1.274212377
1107,1.0,1.0,0.0,0.571942888
1108,0.9583333333333334,0.8875,-0.07083333333333341,0.654072814
1109,0.9583333333333334,0.9125,-0.04583333333333339,0.571942888
1110,1.0,1.0,0.0,0.571942888
1111,0.9583333333333334,0.9625,0.004166666666666652,0.654072814
1112,1.0,0.95,-0.050000000000000044,1.274212377
1113,0.9166666666666666,0.85,-0.06666666666666665,0.880355226
1114,1.0,0.975,-0.025000000000000022,0.571942888
1115,1.0,1.0,0.0,0.687529472
1116,1.0,0.975,-0.025000000000000022,0.654072814
1117,0.9166666666666666,0.8125,-0.10416666666666663,0.880355226
1118,0.875,0.775,-0.09999999999999998,1.274212377
1119,1.0,0.95,-0.050000000000000044,0.654072814
1120,0.9166666666666666,0.925,0.008333333333333415,0.654072814
1121,1.0,1.0,0.0,0.571942888
1122,0.9166666666666666,0.8625,-0.054166666666666585,0.880355226
1123,0.875,0.875,0.0,0.880355226
1124,0.75,0.7875,0.03749999999999998,1.274212377
1125,1.0,0.9125,-0.08750000000000002,1.274212377
1126,1.0,1.0,0.0,1.274212377
1127,0.7083333333333334,0.7875,0.07916666666666661,1.274212377
1128,0.8333333333333334,0.7875,-0.04583333333333339,2.268002547
1129,0.8333333333333334,0.825,-0.008333333333333415,1.274212377
1130,0.9583333333333334,0.7625,-0.19583333333333341,1.274212377
1131,0.8333333333333334,0.7,-0.13333333333333341,0.654072814
1132,0.7916666666666666,0.8125,0.02083333333333337,0.850521373
1133,0.7916666666666666,0.8125,0.02083333333333337,1.274212377
1134,0.8333333333333334,0.6875,-0.14583333333333337,0.687529472
1135,0.875,0.95,0.07499999999999996,1.273550064
1136,0.9583333333333334,1.0,0.04166666666666663,0.654072814
1137,0.9583333333333334,0.9875,0.029166666666666674,1.274212377
1138,1.0,1.0,0.0,0.880355226
1139,1.0,0.9875,-0.012499999999999956,2.268002547
1140,0.9166666666666666,1.0,0.08333333333333337,2.268002547
1141,0.875,1.0,0.125,2.268002547
1142,0.875,0.95,0.07499999999999996,1.274212377
1143,1.0,1.0,0.0,1.274212377
1144,0.9166666666666666,1.0,0.08333333333333337,1.273550064
1145,0.7916666666666666,0.7125,-0.07916666666666661,0.571942888
1146,1.0,0.65,-0.35,0.571942888
1147,0.875,0.75,-0.125,0.571942888
1148,0.75,0.75,0.0,0.880355226
1149,0.7083333333333334,0.7375,0.029166666666666674,1.274212377
1150,0.875,0.75,-0.125,1.274212377
1151,0.75,0.7375,-0.012499999999999956,1.274212377
1152,0.7083333333333334,0.75,0.04166666666666663,1.274212377
1153,1.0,0.875,-0.125,0.687529472
1154,0.6666666666666666,0.55,-0.11666666666666659,1.274212377
1155,1.0,1.0,0.0,0.687529472
1156,1.0,1.0,0.0,0.571942888
1157,0.875,0.875,0.0,1.274212377
1158,0.9583333333333334,0.975,0.016666666666666607,0.880355226
1159,1.0,0.9125,-0.08750000000000002,1.274212377
1160,1.0,1.0,0.0,0.880355226
1161,0.875,0.9625,0.08750000000000002,1.274212377
1162,1.0,1.0,0.0,0.880355226
1163,0.875,0.95,0.07499999999999996,1.274212377
1164,0.9166666666666666,0.7625,-0.15416666666666667,0.880355226
1165,0.9166666666666666,0.9,-0.016666666666666607,1.274212377
1166,0.75,0.775,0.025000000000000022,1.274212377
1167,0.75,0.75,0.0,1.274212377
1168,1.0,0.9875,-0.012499999999999956,0.571942888
1169,0.7916666666666666,0.8875,0.09583333333333333,0.880355226
1170,0.9166666666666666,0.9,-0.016666666666666607,0.880355226
1171,1.0,0.9625,-0.03749999999999998,0.571942888
1172,1.0,0.975,-0.025000000000000022,0.880355226
1173,1.0,1.0,0.0,1.274212377
1174,1.0,1.0,0.0,0.571942888
1175,1.0,0.9625,-0.03749999999999998,0.571942888
1176,1.0,1.0,0.0,0.571942888
1177,0.8333333333333334,0.8375,0.004166666666666652,1.274212377
1178,0.7916666666666666,0.75,-0.04166666666666663,1.274212377
1179,0.7916666666666666,0.8375,0.04583333333333339,1.274212377
1180,0.8333333333333334,0.9,0.06666666666666665,0.880355226
1181,0.875,0.825,-0.050000000000000044,1.274212377
1182,0.75,0.675,-0.07499999999999996,1.273550064
1183,0.8333333333333334,0.7625,-0.07083333333333341,1.274212377
1184,0.9166666666666666,0.7875,-0.12916666666666665,0.571942888
1185,0.8333333333333334,0.8375,0.004166666666666652,0.654072814
1186,0.9166666666666666,0.775,-0.1416666666666666,1.274212377
1187,0.9583333333333334,0.85,-0.10833333333333339,0.880355226
1188,0.7916666666666666,0.75,-0.04166666666666663,1.274212377
1189,0.7916666666666666,0.55,-0.24166666666666659,0.571942888
1190,0.8333333333333334,0.775,-0.05833333333333335,1.273550064
1191,0.9166666666666666,0.825,-0.09166666666666667,2.268002547
1192,0.8333333333333334,0.85,0.016666666666666607,0.964615703
1193,0.7083333333333334,0.75,0.04166666666666663,0.687529472
1194,0.625,0.5125,-0.11250000000000004,0.654072814
1195,0.3333333333333333,0.425,0.09166666666666667,0.687529472
1196,0.75,0.525,-0.22499999999999998,0.687529472
1197,0.75,0.8,0.050000000000000044,1.273550064
1198,0.4583333333333333,0.2875,-0.17083333333333334,1.274212377
1199,0.5416666666666666,0.6125,0.07083333333333341,0.880355226
1200,0.75,0.75,0.0,0.687529472
1201,0.5,0.5,0.0,0.880355226
1202,0.7916666666666666,0.7625,-0.029166666666666674,0.964615703
1203,0.7083333333333334,0.7375,0.029166666666666674,1.274212377
1204,0.8333333333333334,0.7125,-0.12083333333333335,0.880355226
1205,0.7916666666666666,0.525,-0.2666666666666666,0.654072814
1206,0.75,0.5875,-0.16249999999999998,2.268002547
1207,0.75,0.9125,0.16249999999999998,0.654072814
1208,0.875,0.8625,-0.012499999999999956,2.268002547
1209,1.0,0.775,-0.22499999999999998,2.268002547
1210,1.0,0.8375,-0.16249999999999998,1.274212377
1211,1.0,0.875,-0.125,1.273550064
1212,0.875,0.5625,-0.3125,1.274212377
1213,0.7083333333333334,0.6625,-0.04583333333333339,0.654072814
1214,1.0,0.8625,-0.13749999999999996,2.268002547
1215,0.875,0.725,-0.15000000000000002,1.274212377
1216,0.9583333333333334,0.9125,-0.04583333333333339,0.850521373
1217,0.75,0.7375,-0.012499999999999956,0.687529472
1218,0.7916666666666666,0.7125,-0.07916666666666661,1.273550064
1219,0.875,0.6875,-0.1875,0.654072814
1220,0.9166666666666666,0.75,-0.16666666666666663,1.274212377
1221,0.5,0.5,0.0,2.268002547
1222,1.0,0.9875,-0.012499999999999956,1.273550064
1223,0.8333333333333334,0.7875,-0.04583333333333339,1.274212377
1224,1.0,1.0,0.0,1.273550064
1225,0.9583333333333334,0.8625,-0.09583333333333333,1.273550064
1226,1.0,0.95,-0.050000000000000044,0.571942888
1227,0.625,0.6875,0.0625,1.274212377
1228,1.0,1.0,0.0,1.273550064
1229,0.75,0.8,0.050000000000000044,1.274212377
1230,0.75,0.7625,0.012499999999999956,1.273550064
1231,1.0,0.7125,-0.2875,0.571942888
1232,0.7083333333333334,0.7,-0.008333333333333415,1.274212377
1233,0.8333333333333334,0.75,-0.08333333333333337,2.268002547
1234,1.0,1.0,0.0,2.268002547
1235,1.0,1.0,0.0,0.607515266
1236,0.75,0.5625,-0.1875,2.268002547
1237,1.0,1.0,0.0,1.273550064
1238,0.875,0.7125,-0.16249999999999998,1.274212377
1239,0.8333333333333334,0.8,-0.033333333333333326,2.268002547
1240,0.9583333333333334,1.0,0.04166666666666663,0.571942888
1241,0.875,0.75,-0.125,0.654072814
1242,0.8333333333333334,0.7,-0.13333333333333341,0.687529472
1243,1.0,1.0,0.0,1.274212377
1244,1.0,1.0,0.0,0.880355226
1245,1.0,1.0,0.0,0.687529472
1246,0.875,0.75,-0.125,0.850521373
1247,0.9166666666666666,0.7375,-0.17916666666666659,0.654072814
1248,0.9166666666666666,0.7125,-0.2041666666666666,2.268002547
1249,0.9583333333333334,0.9875,0.029166666666666674,0.880355226
1250,1.0,1.0,0.0,2.268002547
1251,1.0,0.9875,-0.012499999999999956,1.273550064
1252,0.9166666666666666,1.0,0.08333333333333337,2.268002547
1253,0.9583333333333334,1.0,0.04166666666666663,1.273550064
1254,0.875,0.9875,0.11250000000000004,2.268002547
1255,1.0,1.0,0.0,0.687529472
1256,0.9583333333333334,0.9375,-0.02083333333333337,0.880355226
1257,0.9583333333333334,0.8875,-0.07083333333333341,1.274212377
1258,0.9166666666666666,0.9375,0.02083333333333337,1.274212377
1259,0.8333333333333334,0.9375,0.10416666666666663,1.274212377
1260,0.875,1.0,0.125,1.274212377
1261,0.9583333333333334,0.9375,-0.02083333333333337,1.274212377
1262,0.9583333333333334,0.9375,-0.02083333333333337,0.687529472
1263,1.0,0.9125,-0.08750000000000002,0.880355226
1264,1.0,0.9375,-0.0625,0.880355226
1265,0.9583333333333334,0.9875,0.029166666666666674,1.274212377
1266,1.0,0.8375,-0.16249999999999998,0.880355226
1267,1.0,0.9875,-0.012499999999999956,1.274212377
1268,0.75,0.6875,-0.0625,1.274212377
1269,0.7916666666666666,0.875,0.08333333333333337,1.274212377
1270,0.9583333333333334,1.0,0.04166666666666663,1.274212377
1271,0.9583333333333334,0.9875,0.029166666666666674,1.274212377
1272,0.875,0.9875,0.11250000000000004,1.274212377
1273,0.6666666666666666,0.525,-0.1416666666666666,0.687529472
1274,0.875,0.75,-0.125,1.274212377
1275,0.9583333333333334,0.75,-0.20833333333333337,1.274212377
1276,0.9166666666666666,0.75,-0.16666666666666663,1.274212377
1277,0.9583333333333334,0.9875,0.029166666666666674,0.571942888
1278,1.0,1.0,0.0,0.571942888
1279,0.875,0.775,-0.09999999999999998,1.274212377
1280,1.0,1.0,0.0,0.654072814
1281,1.0,0.925,-0.07499999999999996,0.880355226
1282,1.0,1.0,0.0,0.880355226
1283,1.0,1.0,0.0,0.654072814
1284,1.0,0.9625,-0.03749999999999998,1.274212377
1285,0.875,0.7375,-0.13749999999999996,1.274212377
1286,0.75,0.45,-0.3,0.654072814
1287,1.0,1.0,0.0,0.571942888
1288,1.0,1.0,0.0,0.571942888
1289,1.0,1.0,0.0,0.571942888
1290,1.0,1.0,0.0,0.571942888
1291,1.0,1.0,0.0,1.274212377
1292,0.7916666666666666,0.7375,-0.054166666666666585,0.880355226
1293,0.7083333333333334,0.55,-0.15833333333333333,0.880355226
1294,0.9166666666666666,0.8375,-0.07916666666666661,1.274212377
1295,0.5833333333333334,0.5,-0.08333333333333337,0.880355226
1296,0.875,0.8375,-0.03749999999999998,2.268002547
1297,1.0,1.0,0.0,1.274212377
1298,0.4583333333333333,0.55,0.09166666666666673,0.880355226
1299,0.8333333333333334,0.75,-0.08333333333333337,0.654072814
1300,0.9166666666666666,0.7625,-0.15416666666666667,0.571942888
1301,1.0,0.975,-0.025000000000000022,0.571942888
1302,1.0,0.9625,-0.03749999999999998,0.607515266
1303,0.8333333333333334,0.6375,-0.19583333333333341,1.274212377
1304,0.8333333333333334,0.7625,-0.07083333333333341,1.274212377
1305,0.7083333333333334,0.65,-0.05833333333333335,1.274212377
1306,0.75,0.725,-0.025000000000000022,1.273550064
1307,0.4166666666666667,0.2875,-0.1291666666666667,0.687529472
1308,0.875,0.8875,0.012499999999999956,2.268002547
1309,0.875,0.8875,0.012499999999999956,2.268002547
1310,0.625,0.65,0.025000000000000022,1.274212377
1311,0.75,0.7625,0.012499999999999956,0.571942888
1312,0.7083333333333334,0.725,0.016666666666666607,2.268002547
1313,0.7083333333333334,0.7,-0.008333333333333415,2.268002547
1314,0.75,0.6875,-0.0625,0.687529472
1315,0.7916666666666666,0.8,0.008333333333333415,0.880355226
1316,0.8333333333333334,0.8125,-0.02083333333333337,1.274212377
1317,0.9166666666666666,0.775,-0.1416666666666666,1.274212377
1318,0.9166666666666666,0.9,-0.016666666666666607,0.880355226
1319,0.7916666666666666,0.6875,-0.10416666666666663,2.268002547
1320,0.75,0.725,-0.025000000000000022,1.274212377
1321,0.8333333333333334,0.825,-0.008333333333333415,1.274212377
1322,0.7083333333333334,0.6625,-0.04583333333333339,1.274212377
1323,0.9166666666666666,0.825,-0.09166666666666667,1.274212377
1324,0.9583333333333334,0.7625,-0.19583333333333341,0.880355226
1325,0.8333333333333334,0.725,-0.10833333333333339,0.880355226
1326,0.875,0.6875,-0.1875,0.571942888
1327,0.9166666666666666,0.975,0.05833333333333335,0.880355226
1328,1.0,0.8,-0.19999999999999996,0.880355226
1329,0.9166666666666666,0.7875,-0.12916666666666665,1.274212377
1330,0.875,0.7625,-0.11250000000000004,1.274212377
1331,0.7916666666666666,0.7625,-0.029166666666666674,1.274212377
1332,0.9583333333333334,0.7125,-0.24583333333333335,0.880355226
1333,0.875,0.675,-0.19999999999999996,2.268002547
1334,0.875,0.75,-0.125,0.571942888
1335,0.875,0.75,-0.125,1.274212377
1336,0.7083333333333334,1.0,0.29166666666666663,1.273550064
1337,1.0,1.0,0.0,0.571942888
1338,1.0,1.0,0.0,1.274212377
1339,1.0,1.0,0.0,0.687529472
1340,1.0,1.0,0.0,0.654072814
1341,1.0,1.0,0.0,0.880355226
1342,0.7083333333333334,0.8625,0.15416666666666667,0.654072814
1343,1.0,1.0,0.0,0.571942888
1344,0.5833333333333334,0.45,-0.13333333333333336,1.274212377
1345,0.75,0.8375,0.08750000000000002,0.571942888
1346,1.0,0.8125,-0.1875,0.687529472
1347,0.875,0.7625,-0.11250000000000004,1.273550064
1348,0.75,0.6,-0.15000000000000002,1.273550064
1349,0.4166666666666667,0.4875,0.0708333333333333,0.687529472
1350,0.75,0.7375,-0.012499999999999956,0.654072814
1351,0.8333333333333334,0.8625,0.029166666666666674,0.654072814
1352,0.625,0.8,0.17500000000000004,0.880355226
1353,0.7916666666666666,0.6375,-0.15416666666666667,0.880355226
1354,1.0,1.0,0.0,0.880355226
1355,1.0,1.0,0.0,0.571942888
1356,0.20833333333333334,0.45,0.24166666666666667,0.880355226
1357,0.75,0.675,-0.07499999999999996,0.654072814
1358,0.7083333333333334,0.6375,-0.07083333333333341,0.880355226
1359,0.2916666666666667,0.4125,0.12083333333333329,2.268002547
1360,0.75,0.6875,-0.0625,1.274212377
1361,1.0,1.0,0.0,0.687529472
1362,0.875,0.775,-0.09999999999999998,0.880355226
1363,0.875,0.9,0.025000000000000022,0.654072814
1364,1.0,1.0,0.0,1.274212377
1365,1.0,1.0,0.0,1.274212377
1366,0.75,1.0,0.25,0.654072814
1367,0.75,0.8,0.050000000000000044,2.268002547
1368,0.6666666666666666,0.65,-0.016666666666666607,1.273550064
1369,0.875,0.775,-0.09999999999999998,1.273550064
1370,0.9166666666666666,0.9125,-0.004166666666666652,2.268002547
1371,1.0,0.975,-0.025000000000000022,0.571942888
1372,0.9166666666666666,0.85,-0.06666666666666665,0.571942888
1373,0.9583333333333334,0.8875,-0.07083333333333341,0.654072814
1374,0.7916666666666666,0.6625,-0.12916666666666665,1.274212377
1375,0.7916666666666666,0.6125,-0.17916666666666659,1.274212377
1376,0.9583333333333334,0.875,-0.08333333333333337,0.880355226
1377,1.0,1.0,0.0,0.880355226
1378,1.0,1.0,0.0,0.880355226
1379,0.7083333333333334,0.75,0.04166666666666663,0.571942888
1380,0.4166666666666667,0.4875,0.0708333333333333,0.654072814
1381,0.6666666666666666,0.5125,-0.15416666666666667,0.571942888
1382,0.9583333333333334,0.8125,-0.14583333333333337,2.268002547
1383,0.5833333333333334,0.6875,0.10416666666666663,1.274212377
1384,0.16666666666666666,0.1125,-0.054166666666666655,0.571942888
1385,0.9583333333333334,0.8,-0.15833333333333333,0.654072814
1386,1.0,0.9375,-0.0625,0.654072814
1387,1.0,1.0,0.0,0.964615703
1388,1.0,0.975,-0.025000000000000022,0.964615703
1389,1.0,0.9875,-0.012499999999999956,0.607515266
1390,1.0,1.0,0.0,0.654072814
1391,1.0,0.9625,-0.03749999999999998,0.571942888
1392,0.5,0.5375,0.03749999999999998,0.687529472
1393,0.75,0.775,0.025000000000000022,0.654072814
1394,1.0,0.8125,-0.1875,0.571942888
1395,0.6666666666666666,0.5375,-0.12916666666666665,0.964615703
1396,1.0,0.95,-0.050000000000000044,0.571942888
1397,1.0,0.9625,-0.03749999999999998,0.654072814
1398,0.5833333333333334,0.525,-0.05833333333333335,1.274212377
1399,0.625,0.7125,0.08750000000000002,0.571942888
1400,0.7916666666666666,0.6625,-0.12916666666666665,2.268002547
1401,0.9583333333333334,0.975,0.016666666666666607,0.687529472
1402,0.75,0.7875,0.03749999999999998,0.880355226
1403,1.0,1.0,0.0,1.274212377
1404,1.0,0.9875,-0.012499999999999956,0.654072814
1405,0.875,0.8375,-0.03749999999999998,0.850521373
1406,0.9166666666666666,0.7875,-0.12916666666666665,0.571942888
1407,0.75,0.75,0.0,0.571942888
1408,0.75,0.575,-0.17500000000000004,0.571942888
1409,0.875,0.9125,0.03749999999999998,0.571942888
1410,0.3333333333333333,0.1875,-0.14583333333333331,0.571942888
1411,0.9166666666666666,0.725,-0.19166666666666665,0.880355226
1412,0.6666666666666666,0.7375,0.07083333333333341,0.654072814
1413,0.7083333333333334,0.6375,-0.07083333333333341,1.274212377
1414,1.0,0.9875,-0.012499999999999956,0.880355226
1415,0.5416666666666666,0.325,-0.21666666666666662,0.654072814
1416,0.0,0.1875,0.1875,0.607515266
1417,0.20833333333333334,0.425,0.21666666666666665,0.571942888
1418,0.875,0.7875,-0.08750000000000002,0.687529472
1419,1.0,0.875,-0.125,0.880355226
1420,0.875,0.9,0.025000000000000022,0.571942888
1421,0.875,0.95,0.07499999999999996,2.268002547
1422,0.375,0.4625,0.08750000000000002,1.273550064
1423,0.9166666666666666,0.7375,-0.17916666666666659,2.268002547
1424,0.7916666666666666,0.7,-0.09166666666666667,0.571942888
1425,0.9166666666666666,0.9,-0.016666666666666607,0.654072814
1426,1.0,0.8375,-0.16249999999999998,0.571942888
1427,1.0,1.0,0.0,0.571942888
1428,0.875,0.65,-0.22499999999999998,0.654072814
1429,1.0,1.0,0.0,1.274212377
1430,1.0,0.925,-0.07499999999999996,0.850521373
1431,0.875,0.75,-0.125,0.571942888
1432,0.9583333333333334,0.825,-0.13333333333333341,2.268002547
1433,0.625,0.375,-0.25,0.654072814
1434,1.0,0.9875,-0.012499999999999956,0.571942888
1435,1.0,1.0,0.0,2.268002547
1436,1.0,0.8625,-0.13749999999999996,0.654072814
1437,1.0,1.0,0.0,0.654072814
1438,0.9583333333333334,0.75,-0.20833333333333337,0.850521373
1439,1.0,0.9875,-0.012499999999999956,0.571942888
1440,1.0,0.8625,-0.13749999999999996,0.571942888
1441,0.875,0.8375,-0.03749999999999998,2.268002547
1442,1.0,1.0,0.0,1.274212377
1443,1.0,0.975,-0.025000000000000022,1.273550064
1444,0.625,0.7375,0.11250000000000004,0.571942888
1445,0.5,0.525,0.025000000000000022,0.571942888
1446,0.6666666666666666,0.4125,-0.25416666666666665,0.571942888
1447,0.041666666666666664,0.2125,0.17083333333333334,1.273550064
1448,0.75,0.5625,-0.1875,0.880355226
1449,0.7083333333333334,0.675,-0.033333333333333326,0.654072814
1450,0.8333333333333334,0.7875,-0.04583333333333339,1.274212377
1451,0.75,0.825,0.07499999999999996,0.687529472
1452,0.75,0.7375,-0.012499999999999956,0.880355226
1453,1.0,0.975,-0.025000000000000022,0.571942888
1454,0.7916666666666666,0.675,-0.11666666666666659,0.964615703
1455,0.375,0.5125,0.13749999999999996,0.880355226
1456,0.75,0.75,0.0,1.274212377
1457,0.4166666666666667,0.3625,-0.054166666666666696,0.571942888
1458,0.875,0.8125,-0.0625,0.571942888
1459,0.625,0.5625,-0.0625,0.654072814
1460,1.0,0.9875,-0.012499999999999956,0.571942888
1461,1.0,0.775,-0.22499999999999998,0.654072814
1462,0.875,0.875,0.0,0.571942888
1463,1.0,0.825,-0.17500000000000004,0.607515266
1464,1.0,0.95,-0.050000000000000044,0.654072814
1465,0.625,0.75,0.125,0.654072814
1466,0.9583333333333334,0.9375,-0.02083333333333337,0.687529472
1467,0.7083333333333334,0.85,0.1416666666666666,0.571942888
1468,1.0,0.9375,-0.0625,0.571942888
1469,0.7083333333333334,0.725,0.016666666666666607,0.571942888
1470,1.0,0.6125,-0.38749999999999996,1.274212377
1471,1.0,0.9375,-0.0625,0.571942888
1472,0.9166666666666666,0.95,0.033333333333333326,0.571942888
1473,1.0,0.9625,-0.03749999999999998,0.571942888
1474,1.0,1.0,0.0,1.274212377
1475,0.8333333333333334,0.9125,0.07916666666666661,0.571942888
1476,0.875,0.8875,0.012499999999999956,0.571942888
1477,0.5416666666666666,0.625,0.08333333333333337,0.571942888
1478,0.75,0.75,0.0,0.571942888
1479,1.0,1.0,0.0,0.607515266
1480,0.9583333333333334,0.8125,-0.14583333333333337,0.571942888
1481,1.0,0.9875,-0.012499999999999956,0.571942888
1482,1.0,0.9875,-0.012499999999999956,0.654072814
1483,0.7083333333333334,0.6625,-0.04583333333333339,0.571942888
1484,1.0,0.8,-0.19999999999999996,0.654072814
1485,0.7083333333333334,0.65,-0.05833333333333335,0.607515266
1486,0.7916666666666666,0.725,-0.06666666666666665,0.880355226
1487,0.9166666666666666,0.8875,-0.029166666666666674,0.571942888
1488,1.0,1.0,0.0,0.607515266
1489,0.75,0.725,-0.025000000000000022,1.273550064
1490,0.7916666666666666,0.625,-0.16666666666666663,0.571942888
1491,1.0,1.0,0.0,0.571942888
1492,1.0,0.9125,-0.08750000000000002,0.571942888
1493,0.625,0.5625,-0.0625,0.964615703
1494,1.0,1.0,0.0,0.571942888
1495,0.7916666666666666,0.8625,0.07083333333333341,0.850521373
1496,1.0,1.0,0.0,0.571942888
1497,0.75,0.6125,-0.13749999999999996,0.571942888
1498,0.875,0.825,-0.050000000000000044,0.880355226
1499,0.75,0.5,-0.25,0.571942888
1500,0.7083333333333334,0.575,-0.13333333333333341,0.571942888
1501,0.5,0.675,0.17500000000000004,0.654072814
